taxonID,Rank,name,genus,species
wfo-0001303400,family,Armeriaceae,,
wfo-0001303439,family,Limoniaceae,,
wfo-0001303615,form,laxiflorum,Limonium,gmelini
wfo-0001303938,form,alba,Plumbago,capensis
wfo-0001304133,form,steiroclada,Statice,gmelini
wfo-0001303179,form,conchensis,Armeria,alpina
wfo-0001303366,form,temskyana,Armeria,rumelica
wfo-0001303364,form,elongata,Armeria,rigida
wfo-0001303268,form,onsiensis,Armeria,maritima
wfo-0001303921,form,albolutescens,Limonium,wrightii
wfo-0001303839,form,pallidum,Limonium,sinuatum
wfo-0001304009,form,leucocalyx,Statice,beaumieriana
wfo-0001304194,form,pomeliana,Statice,leptostachya
wfo-0001303948,form,erecta,Plumbago,scandens
wfo-0001303141,form,condensatum,Acantholimon,pulchellum
wfo-0001303975,form,frutescens,Statice,arborea
wfo-0001303838,form,leucocalyx,Limonium,sinuatum
wfo-0001304158,form,corymbulosa,Statice,gummifera
wfo-0001304367,form,glomerata,Statice,sebkarum
wfo-0001303922,form,arbusculum,Limonium,wrightii
wfo-0001303557,form,tabernense,Limonium,cossonianum
wfo-0001303920,form,albescens,Limonium,wrightii
wfo-0001303896,form,albiflorum,Limonium,trichogonum
wfo-0001303974,form,glomerata,Statice,arabica
wfo-0001304003,form,attenuata,Statice,axillaris
wfo-0001303513,form,gigantifolia,Limonium,bonduellei
wfo-0001304255,form,puberula,Statice,minuta
wfo-0001303702,form,puberulum,Limonium,minutum
wfo-0001304368,form,macrolepis,Statice,sebkarum
wfo-0001304068,form,pomeliana,Statice,delicatula
wfo-0001303908,form,pyramidale,Limonium,vulgare
wfo-0001303720,form,albiflorum,Limonium,nashii
wfo-0001303919,form,wrightii,Limonium,wrightii
wfo-0001303449,form,pseudovirgatum,Limonium,virgolsii
wfo-0001303180,form,conquensis,Armeria,alpina
wfo-0001303241,form,rostellata,Armeria,elongata
wfo-0001303363,form,asperrima,Armeria,rigida
wfo-0001303958,genus,Polyanthemum,,
wfo-0001303403,genus,Caballeroa,,
wfo-0001303962,genus,Statice,,
wfo-0001303051,genus,Limonium,,
wfo-0001303928,genus,Linczevskia,,
wfo-0001303405,genus,Cephalorrhizum,,
wfo-0001303961,genus,Reverchonia,,
wfo-0001303410,genus,Findlaya,,
wfo-0001303929,genus,Myriolepis,,
wfo-0001303168,genus,Aegialitis,,
wfo-0001303812,section,Circinaria,Limonium,
wfo-0001303822,section,Pruinosa,Limonium,
wfo-0001303826,section,Schizhymenium,Limonium,
wfo-0001303824,section,Sarcophylla,Limonium,
wfo-0001304373,section,Jovibarba,Statice,
wfo-0001303823,section,Pterocladus,Limonium,
wfo-0001303151,section,Chaetolimon,Acantholimon,
wfo-0001303819,section,Nephrophyllum,Limonium,
wfo-0001303817,section,Limonium,Limonium,
wfo-0001303820,section,Plathymenium,Limonium,
wfo-0001303816,section,Limoniodendron,Limonium,
wfo-0001303829,section,Tenuiramosa,Limonium,
wfo-0001304379,section,Schizhymenium,Statice,
wfo-0001304377,section,Pteroclados,Statice,
wfo-0001303827,section,Siphonantha,Limonium,
wfo-0001303815,section,Jovibarba,Limonium,
wfo-0001304375,section,Plathymenium,Statice,
wfo-0001304372,section,Goniolimon,Statice,
wfo-0001304378,section,Pterocladus,Statice,
wfo-0001304374,section,Myriolepis,Statice,
wfo-0001304380,section,Schizopetalum,Statice,
wfo-0001304371,section,Ctenostachys,Statice,
wfo-0001304370,section,Circinaria,Statice,
wfo-0001304381,section,Siphonantha,Statice,
wfo-0001303828,section,Sphaerostachys,Limonium,
wfo-0001304382,section,Tropidice,Statice,
wfo-0001303818,section,Myriolepis,Limonium,
wfo-0001303404,section,Sarcophyllastrum,Cephalorhizum,
wfo-0001303825,section,Sarcophyllum,Limonium,
wfo-0001303821,section,Polyarthrion,Limonium,
wfo-0001303441,section,Bubania,Limoniastrum,
wfo-0001303814,section,Iranolimon,Limonium,
wfo-0001304376,section,Polyarthrion,Statice,
wfo-0001303813,section,Ctenostachys,Limonium,
wfo-0001303237,species,duriaei,Armeria,
wfo-0001303804,species,samium,Limonium,
wfo-0001304026,species,brasiliensis,Statice,
wfo-0001303583,species,densiflorum,Limonium,
wfo-0001303119,species,ibrahimii,Acantholimon,
wfo-0001304361,species,scabra,Statice,
wfo-0001304114,species,flexuosa,Statice,
wfo-0001304047,species,collina,Statice,
wfo-0001303170,species,cintrana,Armeria,
wfo-0001303774,species,pseudodictyocladum,Limonium,
wfo-0001303639,species,heraionense,Limonium,
wfo-0001303748,species,paui,Limonium,
wfo-0001303042,species,tragacanthium,Acantholimon,
wfo-0001303215,species,bupleuroides,Armeria,
wfo-0001303754,species,pelagosae,Limonium,
wfo-0001304388,species,soleirolii,Statice,
wfo-0001303917,species,willdenowii,Limonium,
wfo-0001303888,species,thymoides,Limonium,
wfo-0001303834,species,serpentinicum,Limonium,
wfo-0001304192,species,leptoloba,Statice,
wfo-0001303143,species,riyatguelii,Acantholimon,
wfo-0001304327,species,profusa,Statice,
wfo-0001303479,species,augustatum,Limonium,
wfo-0001303132,species,maewskianum,Acantholimon,
wfo-0001303806,species,sarniense,Limonium,
wfo-0001303658,species,issaeum,Limonium,
wfo-0001304102,species,erinacea,Statice,
wfo-0001303603,species,flexuosum,Limonium,
wfo-0001303242,species,eriophila,Armeria,
wfo-0001303516,species,brasiliense,Limonium,
wfo-0001303445,species,dolcheri,Limonium,
wfo-0001304090,species,drepanostachya,Statice,
wfo-0001304348,species,purpurata,Statice,
wfo-0001304364,species,scoparia,Statice,
wfo-0001303769,species,proliferum,Limonium,
wfo-0001303331,species,pseudarmeria,Armeria,
wfo-0001304451,species,aegyptiacum,Taxanthema,
wfo-0001304360,species,scabra,Statice,
wfo-0001303973,species,aphylla,Statice,
wfo-0001303134,species,oopodum,Acantholimon,
wfo-0001303480,species,aureum,Limonium,
wfo-0001303941,species,dyerophyta,Plumbago,
wfo-0001304274,species,monregalensis,Statice,
wfo-0001303716,species,multiceps,Limonium,
wfo-0001303779,species,purpuratum,Limonium,
wfo-0001303037,species,moradii,Acantholimon,
wfo-0001303033,species,gmelinii,Statice,
wfo-0001304358,species,scabra,Statice,
wfo-0001303095,species,demawendicum,Acantholimon,
wfo-0001304363,species,scoparia,Statice,
wfo-0001304353,species,roborowskii,Statice,
wfo-0001304088,species,donetzica,Statice,
wfo-0001303697,species,milovicii,Limonium,
wfo-0001303049,species,splendens,Armeria,
wfo-0001303171,species,pilariae,Armeria,
wfo-0001304189,species,laeta,Statice,
wfo-0001303786,species,recurviforme,Limonium,
wfo-0001303112,species,hausknechti,Acantholimon,
wfo-0001304408,species,spiridonowii,Statice,
wfo-0001304079,species,dianiae,Statice,
wfo-0001304242,species,manricarum,Statice,
wfo-0001303514,species,botschantzevii,Limonium,
wfo-0001303677,species,leprosorum,Limonium,
wfo-0001303542,species,celticum,Limonium,
wfo-0001303971,species,amblyoloba,Statice,
wfo-0001303063,species,akaydinii,Acantholimon,
wfo-0001303036,species,usticanum,Limonium,
wfo-0001304257,species,minuta,Statice,
wfo-0001304259,species,minuta,Statice,
wfo-0001303628,species,grandicaule,Limonium,
wfo-0001303687,species,macrophyllum,Limonium,
wfo-0001304167,species,holfordii,Statice,
wfo-0001303803,species,sabulicola,Limonium,
wfo-0001303718,species,mutatum,Limonium,
wfo-0001303094,species,davisii,Acantholimon,
wfo-0001303890,species,tobarrense,Limonium,
wfo-0001304086,species,diffusa,Statice,
wfo-0001303655,species,intercedens,Limonium,
wfo-0001303233,species,chouletteana,Armeria,
wfo-0001303885,species,teretifolium,Limonium,
wfo-0001303411,species,africanum,Goniolimon,
wfo-0001304244,species,manriqueorum,Statice,
wfo-0001303470,species,arboreum,Limonium,
wfo-0001303118,species,hystrix,Acantholimon,
wfo-0001303532,species,cambrense,Limonium,
wfo-0001303477,species,athinense,Limonium,
wfo-0001303408,species,thomsonii,Dictyolimon,
wfo-0001303543,species,chersonesum,Limonium,
wfo-0001303587,species,dolihiense,Limonium,
wfo-0001304304,species,plantaginea,Statice,
wfo-0001303309,species,pantocsekii,Armeria,
wfo-0001303469,species,arboreum,Limonium,
wfo-0001303264,species,longifolia,Armeria,
wfo-0001303881,species,tenellum,Limonium,
wfo-0001303225,species,castrovalnerana,Armeria,
wfo-0001303661,species,jarmolenkoi,Limonium,
wfo-0001304063,species,cuneata,Statice,
wfo-0001304287,species,oleifolia,Statice,
wfo-0001303775,species,pseudoparadoxum,Limonium,
wfo-0001304016,species,bellidifolia,Statice,
wfo-0001304163,species,halfordii,Statice,
wfo-0001303622,species,graeca,Limonium,
wfo-0001304362,species,schirasiana,Statice,
wfo-0001303570,species,dagmarae,Limonium,
wfo-0001304051,species,cordata,Statice,
wfo-0001303475,species,astipaleanum,Limonium,
wfo-0001303097,species,echinus,Acantholimon,
wfo-0001304199,species,limonium,Statice,
wfo-0001303937,species,auriculata,Plumbago,
wfo-0001303776,species,pseudotranswallianum,Limonium,
wfo-0001303236,species,denticulata,Armeria,
wfo-0001304198,species,limonium,Statice,
wfo-0001303943,species,ituriensis,Plumbago,
wfo-0001303035,species,tomentella,Statice,
wfo-0001303664,species,kimmericum,Limonium,
wfo-0001303670,species,ladikanum,Limonium,
wfo-0001303746,species,paramedium,Limonium,
wfo-0001303610,species,ginae,Limonium,
wfo-0001304225,species,littoralis,Statice,
wfo-0001303785,species,recticaule,Limonium,
wfo-0001304288,species,oligantha,Statice,
wfo-0001303101,species,gemicianum,Acantholimon,
wfo-0001303723,species,obesifolium,Limonium,
wfo-0001303217,species,canescens,Armeria,
wfo-0001303889,species,tineoi,Limonium,
wfo-0001303756,species,pharosianum,Limonium,
wfo-0001304208,species,limonium,Statice,
wfo-0001303549,species,confusum,Limonium,
wfo-0001304074,species,delilei,Statice,
wfo-0001303585,species,didimense,Limonium,
wfo-0001303936,species,arabica,Plumbago,
wfo-0001303717,species,mutabile,Limonium,
wfo-0001303590,species,duriusculum,Limonium,
wfo-0001303644,species,ikonnikovii-galitzkyi,Limonium,
wfo-0001303807,species,sartorianum,Limonium,
wfo-0001303209,species,belgenciensis,Armeria,
wfo-0001303640,species,hibernicum,Limonium,
wfo-0001303643,species,ikaricum,Limonium,
wfo-0001303802,species,rosselloi,Limonium,
wfo-0001303927,species,thouinii,Linczevskia,
wfo-0001303481,species,aureum,Limonium,
wfo-0001303700,species,minutum,Limonium,
wfo-0001303758,species,pomelianum,Limonium,
wfo-0001304184,species,juncea,Statice,
wfo-0001304350,species,reticulata,Statice,
wfo-0001303604,species,flexuosum,Limonium,
wfo-0001304399,species,speciosa,Statice,
wfo-0001303417,species,salicorniaceum,Goniolimon,
wfo-0001303999,species,articulata,Statice,
wfo-0001303923,species,xerocamposicum,Limonium,
wfo-0001304135,species,gmelini,Statice,
wfo-0001304048,species,confusa,Statice,
wfo-0001304052,species,cordata,Statice,
wfo-0001304008,species,beaumierana,Statice,
wfo-0001303777,species,puberulum,Limonium,
wfo-0001303856,species,spreitzenhoferi,Limonium,
wfo-0001303924,species,xiliense,Limonium,
wfo-0001304452,species,carolinianum,Taxanthema,
wfo-0001303883,species,tenuiculum,Limonium,
wfo-0001304455,species,artelariae,Limonium,
wfo-0001303444,species,albuferae,Limonium,
wfo-0001303666,species,kobstanicum,Limonium,
wfo-0001303761,species,portlandicum,Limonium,
wfo-0001303418,species,severzovii,Goniolimon,
wfo-0001303688,species,maritimum,Limonium,
wfo-0001303684,species,lobatum,Limonium,
wfo-0001303876,species,taenari,Limonium,
wfo-0001303663,species,kerryense,Limonium,
wfo-0001304354,species,rorida,Statice,
wfo-0001303674,species,latebracteatum,Limonium,
wfo-0001303471,species,archaeothirae,Limonium,
wfo-0001304075,species,densiflora,Statice,
wfo-0001304124,species,glauca,Statice,
wfo-0001303554,species,coombense,Limonium,
wfo-0001303939,species,cocanex,Plumbago,
wfo-0001304270,species,minuta,Statice,
wfo-0001303665,species,kirikosicum,Limonium,
wfo-0001304132,species,globulariifolia,Statice,
wfo-0001303724,species,oblongifolium,Limonium,
wfo-0001303464,species,anglicum,Limonium,
wfo-0001303605,species,fradinianum,Limonium,
wfo-0001303485,species,aurigniense,Limonium,
wfo-0001304394,species,spathulata,Statice,
wfo-0001304149,species,gmelinii,Statice,
wfo-0001303414,species,gorczakovskyi,Goniolimon,
wfo-0001303553,species,contractum,Limonium,
wfo-0001303476,species,astypaleanum,Limonium,
wfo-0001303415,species,kaufmannianum,Goniolimon,
wfo-0001303805,species,sanctamargaritense,Limonium,
wfo-0001303205,species,baltica,Armeria,
wfo-0001303172,species,albi,Armeria,
wfo-0001303196,species,arenaria,Armeria,
wfo-0001303953,species,virginica,Plumbago,
wfo-0001304153,species,graeca,Statice,
wfo-0001303258,species,juniperifolia,Armeria,
wfo-0001303595,species,echinus,Limonium,
wfo-0001303240,species,elongata,Armeria,
wfo-0001304271,species,minuta,Statice,
wfo-0001303742,species,pagasaeum,Limonium,
wfo-0001303781,species,pusillum,Limonium,
wfo-0001303052,species,caryophyllacea,Statice,
wfo-0001304034,species,calcarae,Statice,
wfo-0001303679,species,liburnicum,Limonium,
wfo-0001304180,species,incana,Statice,
wfo-0001303675,species,latifolium,Limonium,
wfo-0001303530,species,calcicola,Limonium,
wfo-0001304054,species,cordata,Statice,
wfo-0001303690,species,meandrinum,Limonium,
wfo-0001303884,species,tenuiculum,Limonium,
wfo-0001303897,species,trinajsticii,Limonium,
wfo-0001303642,species,ifniensis,Limonium,
wfo-0001303540,species,cazzae,Limonium,
wfo-0001304089,species,drepanense,Statice,
wfo-0001303701,species,minutum,Limonium,
wfo-0001304256,species,minuta,Statice,
wfo-0001303648,species,incertum,Limonium,
wfo-0001303638,species,helenae,Limonium,
wfo-0001303589,species,duriaei,Limonium,
wfo-0001303409,species,socotranum,Dyerophytum,
wfo-0001303850,species,sirinicum,Limonium,
wfo-0001304012,species,bellidifolia,Statice,
wfo-0001303873,species,suwarowii,Limonium,
wfo-0001303646,species,imbricatum,Limonium,
wfo-0001303537,species,caspium,Limonium,
wfo-0001303607,species,fruticans,Limonium,
wfo-0001303074,species,balansae,Acantholimon,
wfo-0001304330,species,pseud-armeria,Statice,
wfo-0001303446,species,fraternum,Limonium,
wfo-0001303945,species,pendula,Plumbago,
wfo-0001303133,species,manakyanii,Acantholimon,
wfo-0001303515,species,brasiliense,Limonium,
wfo-0001303683,species,linifolium,Limonium,
wfo-0001303448,species,virgatoformis,Limonium,
wfo-0001303689,species,marmarisense,Limonium,
wfo-0001304240,species,major,Statice,
wfo-0001303935,species,americana,Plumbago,
wfo-0001303963,species,girardianoides,Statice,
wfo-0001303608,species,giberti,Limonium,
wfo-0001303918,species,woolacombense,Limonium,
wfo-0001303230,species,cespitosa,Armeria,
wfo-0001303641,species,iconicum,Limonium,
wfo-0001303465,species,angustebracteatum,Limonium,
wfo-0001303155,species,sogdianum,Acantholimon,
wfo-0001303459,species,admirabile,Limonium,
wfo-0001303979,species,armeria,Statice,
wfo-0001303833,species,serotinum,Limonium,
wfo-0001303154,species,shahrudicum,Acantholimon,
wfo-0001304119,species,giberti,Statice,
wfo-0001303147,species,saadii,Acantholimon,
wfo-0001303612,species,girardianum,Limonium,
wfo-0001303851,species,smithii,Limonium,
wfo-0001303371,species,scorzonerifolia,Armeria,
wfo-0001303385,species,vulgaris,Armeria,
wfo-0001303307,species,nuriensis,Armeria,
wfo-0001303571,species,davisii,Limonium,
wfo-0001303460,species,aegaeum,Limonium,
wfo-0001303656,species,irtaense,Limonium,
wfo-0001303416,species,krylovii,Goniolimon,
wfo-0001304366,species,scoparia,Statice,
wfo-0001303770,species,pruinosum,Limonium,
wfo-0001304284,species,oleifolia,Statice,
wfo-0001304053,species,cordata,Statice,
wfo-0001304174,species,incana,Statice,
wfo-0001303870,species,supinum,Limonium,
wfo-0001303529,species,busianum,Limonium,
wfo-0001303747,species,parosicum,Limonium,
wfo-0001303158,species,takhtajanii,Acantholimon,
wfo-0001303235,species,daveaui,Armeria,
wfo-0001304393,species,spathulata,Statice,
wfo-0001304019,species,besseriana,Statice,
wfo-0001303043,species,brassicifolia,Statice,
wfo-0001303584,species,devoniense,Limonium,
wfo-0001304182,species,juncea,Statice,
wfo-0001304057,species,coriaria,Statice,
wfo-0001304390,species,spathulata,Statice,
wfo-0001303313,species,plantaginea,Armeria,
wfo-0001304187,species,klementzii,Statice,
wfo-0001303611,species,ginzbergeri,Limonium,
wfo-0001303304,species,montana,Armeria,
wfo-0001304297,species,paui,Statice,
wfo-0001303944,species,littoralis,Plumbago,
wfo-0001303559,species,crateriforme,Limonium,
wfo-0001304278,species,nuda,Statice,
wfo-0001304122,species,glauca,Statice,
wfo-0001304123,species,glauca,Statice,
wfo-0001304235,species,maeotica,Statice,
wfo-0001303662,species,kelseyanum,Limonium,
wfo-0001304276,species,nebrodensis,Statice,
wfo-0001304156,species,graminifolia,Statice,
wfo-0001304046,species,cespitosa,Statice,
wfo-0001303972,species,amblyoloba,Statice,
wfo-0001303039,species,quettensis,Acantholimon,
wfo-0001303204,species,asperrima,Armeria,
wfo-0001303637,species,haitiense,Limonium,
wfo-0001303265,species,magna,Armeria,
wfo-0001304245,species,manriquorum,Statice,
wfo-0001303126,species,laxiflorum,Acantholimon,
wfo-0001304359,species,scabra,Statice,
wfo-0001303531,species,californicum,Limonium,
wfo-0001304033,species,caespitosa,Statice,
wfo-0001303311,species,piorum,Armeria,
wfo-0001304253,species,melanantha,Statice,
wfo-0001304405,species,spicata,Statice,
wfo-0001303541,species,cedrorum,Limonium,
wfo-0001303096,species,diapensioides,Acantholimon,
wfo-0001303251,species,grajoana,Armeria,
wfo-0001304332,species,pseudoarmeria,Statice,
wfo-0001303877,species,tanaiticum,Limonium,
wfo-0001303169,species,carnotana,Armeria,
wfo-0001303210,species,belgenciensis,Armeria,
wfo-0001303569,species,dagmarae,Limonium,
wfo-0001303038,species,flabellum,Acantholimon,
wfo-0001304351,species,reticulata,Statice,
wfo-0001303092,species,coarctatum,Acantholimon,
wfo-0001303925,species,zankii,Limonium,
wfo-0001303401,species,peroninii,Armeriastrum,
wfo-0001304050,species,cordata,Statice,
wfo-0001303588,species,donegalense,Limonium,
wfo-0001304282,species,oleifolia,Statice,
wfo-0001304395,species,spathulata,Statice,
wfo-0001304389,species,sommieriana,Statice,
wfo-0001303895,species,transcanalis,Limonium,
wfo-0001303466,species,angustifolium,Limonium,
wfo-0001304254,species,minuta,Statice,
wfo-0001303757,species,pignattii,Limonium,
wfo-0001304175,species,incana,Statice,
wfo-0001303967,species,alleizettei,Statice,
wfo-0001303462,species,altum,Limonium,
wfo-0001304190,species,lanceolata,Statice,
wfo-0001303864,species,subnudum,Limonium,
wfo-0001303136,species,pinardi,Acantholimon,
wfo-0001303113,species,hellwigii,Acantholimon,
wfo-0001304436,species,virgata,Statice,
wfo-0001304116,species,gaditana,Statice,
wfo-0001304172,species,hystrix,Statice,
wfo-0001303831,species,secundirameum,Limonium,
wfo-0001303657,species,isidorum,Limonium,
wfo-0001303533,species,cantianum,Limonium,
wfo-0001304067,species,delicatula,Statice,
wfo-0001304002,species,axillaris,Statice,
wfo-0001303606,species,fragile,Limonium,
wfo-0001303759,species,pomoense,Limonium,
wfo-0001303121,species,karabajeviorum,Acantholimon,
wfo-0001304060,species,crispa,Statice,
wfo-0001303166,species,zakirovii,Acantholimon,
wfo-0001303691,species,medium,Limonium,
wfo-0001304437,species,virgata,Statice,
wfo-0001303308,species,orophila,Armeria,
wfo-0001303964,species,profusa,Statice,
wfo-0001303244,species,filicaulis,Armeria,
wfo-0001303882,species,tenuicolum,Limonium,
wfo-0001303887,species,thirae,Limonium,
wfo-0001303659,species,istriacum,Limonium,
wfo-0001303678,species,liberianum,Limonium,
wfo-0001304101,species,emarginata,Statice,
wfo-0001304128,species,globulariifolia,Statice,
wfo-0001304113,species,flexuosa,Statice,
wfo-0001303127,species,laxiusculum,Acantholimon,
wfo-0001303645,species,ilergabonum,Limonium,
wfo-0001303858,species,steppicum,Limonium,
wfo-0001303832,species,sercquense,Limonium,
wfo-0001303672,species,lagostanum,Limonium,
wfo-0001303960,species,baetica,Reverchonia,
wfo-0001304125,species,globulariaefolia,Statice,
wfo-0001303977,species,arborescens,Statice,
wfo-0001304246,species,maritima,Statice,
wfo-0001304357,species,sanjurjoi,Statice,
wfo-0001304197,species,limonium,Statice,
wfo-0001304442,species,vulgaris,Statice,
wfo-0001303733,species,oligotrichum,Limonium,
wfo-0001304186,species,juniperifolia,Statice,
wfo-0001304115,species,furfuracea,Statice,
wfo-0001304066,species,czurjukiensis,Statice,
wfo-0001304024,species,bonduellii,Statice,
wfo-0001303857,species,stenotatum,Limonium,
wfo-0001304352,species,rigida,Statice,
wfo-0001303809,species,schinousae,Limonium,
wfo-0001303734,species,omissae,Limonium,
wfo-0001304109,species,filicaulis,Statice,
wfo-0001303934,species,africana,Plumbago,
wfo-0001303075,species,blakelackii,Acantholimon,
wfo-0001304409,species,stephani,Statice,
wfo-0001303903,species,velutinum,Limonium,
wfo-0001304219,species,linifolia,Statice,
wfo-0001303621,species,grabusae,Limonium,
wfo-0001303647,species,incanum,Limonium,
wfo-0001304045,species,catanensis,Statice,
wfo-0001303859,species,subanfractum,Limonium,
wfo-0001303698,species,minoicum,Limonium,
wfo-0001303043,species,tulakensis,Acantholimon,
wfo-0001303560,species,croaticum,Limonium,
wfo-0001303755,species,pharense,Limonium,
wfo-0001304001,species,articulata,Statice,
wfo-0001303667,species,korakonisicum,Limonium,
wfo-0001304173,species,incana,Statice,
wfo-0001303197,species,arenaria,Armeria,
wfo-0001304328,species,pruinosa,Statice,
wfo-0001303660,species,japygicum,Limonium,
wfo-0001304243,species,manricarum,Statice,
wfo-0001304134,species,gmelini,Statice,
wfo-0001303852,species,sougiae,Limonium,
wfo-0001303810,species,scoparium,Limonium,
wfo-0001303041,species,saravschanicum,Acantholimon,
wfo-0001303808,species,saxonicum,Limonium,
wfo-0001303617,species,gmelinii,Limonium,
wfo-0001303128,species,limbatum,Acantholimon,
wfo-0001303472,species,archeothirae,Limonium,
wfo-0001303966,species,alba,Statice,
wfo-0001303782,species,quinnii,Limonium,
wfo-0001304064,species,cylindrica,Statice,
wfo-0001303032,species,fortunei,Statice,
wfo-0001303907,species,vravronense,Limonium,
wfo-0001303875,species,tabulare,Limonium,
wfo-0001304112,species,flexuosa,Statice,
wfo-0001303696,species,microcycladicum,Limonium,
wfo-0001303669,species,kurgantjubense,Limonium,
wfo-0001303902,species,vanandense,Limonium,
wfo-0001303855,species,speciosum,Limonium,
wfo-0001304196,species,limonioides,Statice,
wfo-0001303942,species,hunsbergensis,Plumbago,
wfo-0001304007,species,beaumierana,Statice,
wfo-0001303598,species,echoideum,Limonium,
wfo-0001303682,species,limonium,Limonium,
wfo-0001303926,species,sinuata,Linczevskia,
wfo-0001304331,species,pseudoarmeria,Statice,
wfo-0001304013,species,bellidifolia,Statice,
wfo-0001303673,species,lajaconi,Limonium,
wfo-0001303050,species,multiforme,Limonium,
wfo-0001304398,species,spathulata,Statice,
wfo-0001303715,species,mucronatum,Limonium,
wfo-0001304027,species,brasiliensis,Statice,
wfo-0001304152,species,gracilis,Statice,
wfo-0001303447,species,rossmaessleri,Limonium,
wfo-0001304223,species,littoralis,Statice,
wfo-0001303463,species,amopicum,Limonium,
wfo-0001303419,species,sewerzovii,Goniolimon,
wfo-0001303801,species,rhodense,Limonium,
wfo-0001304241,species,manricarum,Statice,
wfo-0001303212,species,biguerrensis,Armeria,
wfo-0001303940,species,coerulea,Plumbago,
wfo-0001303555,species,cornubiense,Limonium,
wfo-0001304108,species,ferganensis,Statice,
wfo-0001304150,species,gobica,Statice,
wfo-0001303830,species,secundirameum,Limonium,
wfo-0001303034,species,multiramea,Statice,
wfo-0001303778,species,pubescens,Limonium,
wfo-0001304279,species,ocimifolia,Statice,
wfo-0001303478,species,atticum,Limonium,
wfo-0001304176,species,incana,Statice,
wfo-0001303305,species,mulleri,Armeria,
wfo-0001303685,species,lovricii,Limonium,
wfo-0001304230,species,lychnidifolia,Statice,
wfo-0001303378,species,trigonoides,Armeria,
wfo-0001303711,species,monolithicum,Limonium,
wfo-0001303624,species,graecum,Limonium,
wfo-0001304151,species,gougetiana,Statice,
wfo-0001304283,species,oleifolia,Statice,
wfo-0001303461,species,albarracinense,Limonium,
wfo-0001304168,species,humilis,Statice,
wfo-0001304355,species,ruscinonensis,Statice,
wfo-0001303135,species,peroninii,Acantholimon,
wfo-0001303373,species,seticeps,Armeria,
wfo-0001304454,species,salangensis,Acantholimon,
wfo-0001303623,species,graecum,Limonium,
wfo-0001303528,species,brusnicense,Limonium,
wfo-0001304170,species,hypanica,Statice,
wfo-0001304107,species,faustii,Statice,
wfo-0001303111,species,hamadannicum,Acantholimon,
wfo-0001303946,species,rhombifolia,Plumbago,
wfo-0001304365,species,scoparia,Statice,
wfo-0001304258,species,minuta,Statice,
wfo-0001304326,species,potaninii,Statice,
wfo-0001303719,species,naniforme,Limonium,
wfo-0001304188,species,laeta,Statice,
wfo-0001303213,species,boetica,Armeria,
wfo-0001303156,species,spinosum,Acantholimon,
wfo-0001303916,species,wessexense,Limonium,
wfo-0001303668,species,ksamilum,Limonium,
wfo-0001304058,species,corymbulosa,Statice,
wfo-0001303332,species,pseud-armeria,Armeria,
wfo-0001303467,species,aragonense,Limonium,
wfo-0001303959,species,suvorovii,Psylliostachys,
wfo-0001303548,species,compactum,Limonium,
wfo-0001303860,subgenus,Limonium,Limonium,
wfo-0001304414,subgenus,Pterocladus,Statice,
wfo-0001304415,subgenus,Schizopetalum,Statice,
wfo-0001303861,subgenus,Myriolepis,Limonium,
wfo-0001304412,subgenus,Psylliostachys,Statice,
wfo-0001303442,subgenus,Bubania,Limoniastrum,
wfo-0001304411,subgenus,Limonium,Statice,
wfo-0001303863,subgenus,Pterocladus,Limonium,
wfo-0001304410,subgenus,Armeriastrum,Statice,
wfo-0001304413,subgenus,Pterocladus,Statice,
wfo-0001303862,subgenus,Pterocladus,Limonium,
wfo-0001303866,subsection,Odontolepidea,Limonium,
wfo-0001303868,subsection,Pruinosa,Limonium,
wfo-0001303867,subsection,Odontolepidea,Limonium,
wfo-0001303865,subsection,Nobilia,Limonium,
wfo-0001304416,subsection,Genuinae,Statice,
wfo-0001304419,subsection,Sphaerostachys,Statice,
wfo-0001304036,subspecies,pubinervis,Statice,cantabrica
wfo-0001303632,subspecies,gummiferum,Limonium,gummiferum
wfo-0001304099,subspecies,exaristata,Statice,echioides
wfo-0001303704,subspecies,aragonense,Limonium,minutum
wfo-0001303738,subspecies,lanceolatum,Limonium,ovalifolium
wfo-0001303263,subspecies,leucocephala,Armeria,leucocephala
wfo-0001303575,subspecies,eu-delicatulum,Limonium,delicatulum
wfo-0001303789,subspecies,pseudotranswallianum,Limonium,recurvum
wfo-0001303651,subspecies,insigne,Limonium,insigne
wfo-0001303452,subspecies,bosanum,Limonium,acutifolium
wfo-0001303564,subspecies,cymuliferum,Limonium,cymuliferum
wfo-0001303220,subspecies,ruscinonensis,Armeria,canescens
wfo-0001303252,subspecies,hispalensis,Armeria,hirta
wfo-0001303500,subspecies,anglicum,Limonium,binervosum
wfo-0001303573,subspecies,angustibracteatum,Limonium,delicatulum
wfo-0001303262,subspecies,belmontei,Armeria,langei
wfo-0001303175,subspecies,praecox,Armeria,alliacea
wfo-0001303310,subspecies,macrophylla,Armeria,pinifolia
wfo-0001303726,subspecies,bellidifolium,Limonium,ocymifolium
wfo-0001303091,subspecies,parviflorum,Acantholimon,caryophyllaceum
wfo-0001303224,subspecies,carpetana,Armeria,carpetana
wfo-0001303369,subspecies,sardoa,Armeria,sardoa
wfo-0001303320,subspecies,plantaginea,Armeria,plantaginea
wfo-0001303336,subspecies,carratracensis,Armeria,pseudarmeria
wfo-0001303910,subspecies,bahusiense,Limonium,vulgare
wfo-0001303539,subspecies,catalaunicum,Limonium,catalaunicum
wfo-0001303273,subspecies,elegans,Armeria,maritima
wfo-0001303706,subspecies,pseudominutum,Limonium,minutum
wfo-0001303892,subspecies,donetzicum,Limonium,tomentellum
wfo-0001304069,subspecies,raddiana,Statice,delicatula
wfo-0001304238,subspecies,malinvaudii,Statice,majellensis
wfo-0001303520,subspecies,transcanalis,Limonium,britannicum
wfo-0001303629,subspecies,battandieri,Limonium,gummiferum
wfo-0001303694,subspecies,sulcitanum,Limonium,merxmuelleri
wfo-0001304136,subspecies,genuina,Statice,gmelini
wfo-0001303361,subspecies,bernisiana,Armeria,pungens
wfo-0001303276,subspecies,interior,Armeria,maritima
wfo-0001303981,subspecies,elongata,Statice,armeria
wfo-0001303450,subspecies,acutifolium,Limonium,acutifolium
wfo-0001303139,subspecies,peronini,Acantholimon,puberulum
wfo-0001303591,subspecies,bianorii,Limonium,duriusculum
wfo-0001303911,subspecies,behen,Limonium,vulgare
wfo-0001303271,subspecies,depilata,Armeria,maritima
wfo-0001303319,subspecies,piorum,Armeria,plantaginea
wfo-0001303551,subspecies,psilocladum,Limonium,confusum
wfo-0001303572,subspecies,angustebracteatum,Limonium,delicatulum
wfo-0001303329,subspecies,alpina,Armeria,pocutica
wfo-0001303453,subspecies,cornusianum,Limonium,acutifolium
wfo-0001303183,subspecies,cantabrica,Armeria,alpina
wfo-0001304098,subspecies,exaristata,Statice,echioides
wfo-0001303586,subspecies,lusitanicum,Limonium,dodartii
wfo-0001303181,subspecies,bubanii,Armeria,alpina
wfo-0001303518,subspecies,celticum,Limonium,britannicum
wfo-0001303243,subspecies,filicaulis,Armeria,filicaulis
wfo-0001303344,subspecies,provillosa,Armeria,pseudarmeria
wfo-0001303783,subspecies,ramosissimum,Limonium,ramosissimum
wfo-0001303983,subspecies,maritima,Statice,armeria
wfo-0001303978,subspecies,californica,Statice,arctica
wfo-0001303349,subspecies,villosa,Armeria,pseudarmeria
wfo-0001303534,subspecies,caprariense,Limonium,caprariense
wfo-0001303199,subspecies,confusa,Armeria,arenaria
wfo-0001303046,subspecies,pumila,Armeria,alpina
wfo-0001303899,subspecies,zanonii,Limonium,tubiflorum
wfo-0001303104,subspecies,glabratum,Acantholimon,glabratum
wfo-0001303535,subspecies,multiflorum,Limonium,caprariense
wfo-0001303202,subspecies,peirescii,Armeria,arenaria
wfo-0001303771,subspecies,alleizettei,Limonium,pruinosum
wfo-0001303618,subspecies,hungaricum,Limonium,gmelinii
wfo-0001303200,subspecies,madoricola,Armeria,arenaria
wfo-0001303346,subspecies,sobrinhoi,Armeria,pseudarmeria
wfo-0001303322,subspecies,sicorisiensis,Armeria,plantaginea
wfo-0001303735,subspecies,biflorum,Limonium,ovalifolium
wfo-0001303277,subspecies,intermedia,Armeria,maritima
wfo-0001303671,subspecies,insulare,Limonium,laetum
wfo-0001303428,subspecies,italicum,Goniolimon,tataricum
wfo-0001303631,subspecies,eu-gummiferum,Limonium,gummiferum
wfo-0001304097,subspecies,exaristata,Statice,echioides
wfo-0001304272,subspecies,minutiflora,Statice,minutiflora
wfo-0001303317,subspecies,magna,Armeria,plantaginea
wfo-0001303278,subspecies,juniperifolia,Armeria,maritima
wfo-0001303105,subspecies,kashanense,Acantholimon,glabratum
wfo-0001303840,subspecies,beaumierianum,Limonium,sinuatum
wfo-0001303316,subspecies,leucantha,Armeria,plantaginea
wfo-0001304202,subspecies,bahusiensis,Statice,limonium
wfo-0001303337,subspecies,castellata,Armeria,pseudarmeria
wfo-0001303274,subspecies,fontqueri,Armeria,maritima
wfo-0001303161,subspecies,rudbaricum,Acantholimon,truncatum
wfo-0001303730,subspecies,opulentum,Limonium,oleifolium
wfo-0001303077,subspecies,pilosum,Acantholimon,bodeanum
wfo-0001304206,subspecies,remotiflora,Statice,limonium
wfo-0001303550,subspecies,duriusculum,Limonium,confusum
wfo-0001303909,subspecies,angustifolium,Limonium,vulgare
wfo-0001303076,subspecies,bodeanum,Acantholimon,bodeanum
wfo-0001303699,subspecies,balearicum,Limonium,minutiflorum
wfo-0001303905,subspecies,vestitum,Limonium,vestitum
wfo-0001304433,subspecies,sareptana,Statice,tomentella
wfo-0001303565,subspecies,mauritii,Limonium,cymuliferum
wfo-0001303250,subspecies,gracilis,Armeria,gracilis
wfo-0001303695,subspecies,tigulianum,Limonium,merxmuelleri
wfo-0001303247,subspecies,trevenqueana,Armeria,filicaulis
wfo-0001303315,subspecies,burgalensis,Armeria,plantaginea
wfo-0001303502,subspecies,cantianum,Limonium,binervosum
wfo-0001303340,subspecies,littoralis,Armeria,pseudarmeria
wfo-0001303597,subspecies,exaristatum,Limonium,echioides
wfo-0001303741,subspecies,pyramidatum,Limonium,ovalifolium
wfo-0001304207,subspecies,serotina,Statice,limonium
wfo-0001303440,subspecies,multiflorum,Limoniastrum,monopetalum
wfo-0001303505,subspecies,mutatum,Limonium,binervosum
wfo-0001303131,subspecies,dubium,Acantholimon,macranthum
wfo-0001303388,subspecies,vulgaris,Armeria,vulgaris
wfo-0001303841,subspecies,bonduellei,Limonium,sinuatum
wfo-0001303330,subspecies,pseudarmeria,Armeria,pseudarmeria
wfo-0001303800,subspecies,retirameum,Limonium,retirameum
wfo-0001303576,subspecies,latebracteatum,Limonium,delicatulum
wfo-0001303185,subspecies,fontqueri,Armeria,alpina
wfo-0001303182,subspecies,bubanii,Armeria,alpina
wfo-0001303904,subspecies,brusnicense,Limonium,vestitum
wfo-0001303372,subspecies,lacaitae,Armeria,segoviensis
wfo-0001303341,subspecies,longifolia,Armeria,pseudarmeria
wfo-0001303129,subspecies,lycaonicum,Acantholimon,lycaonicum
wfo-0001303140,subspecies,peroninii,Acantholimon,puberulum
wfo-0001303269,subspecies,azorica,Armeria,maritima
wfo-0001304143,subspecies,tomentella,Statice,gmelinii
wfo-0001303347,subspecies,tejedensis,Armeria,pseudarmeria
wfo-0001303375,subspecies,splendens,Armeria,splendens
wfo-0001303130,subspecies,cappadocicum,Acantholimon,lycaonicum
wfo-0001304200,subspecies,aggregata,Statice,limonium
wfo-0001303339,subspecies,eriophylla,Armeria,pseudarmeria
wfo-0001303370,subspecies,genargentea,Armeria,sardoa
wfo-0001304160,subspecies,cymulifera,Statice,gummifera
wfo-0001303519,subspecies,coombense,Limonium,britannicum
wfo-0001303613,subspecies,willdenowii,Limonium,girardianum
wfo-0001303384,subspecies,serpentinicola,Armeria,villosa
wfo-0001303703,subspecies,acutifolium,Limonium,minutum
wfo-0001303059,subspecies,acerosum,Acantholimon,acerosum
wfo-0001303190,subspecies,trachyphylla,Armeria,alpina
wfo-0001303335,subspecies,bourgaei,Armeria,pseudarmeria
wfo-0001303619,subspecies,multiceps,Limonium,gougetianum
wfo-0001303060,subspecies,longibracteolatum,Acantholimon,acerosum
wfo-0001303760,subspecies,pontium,Limonium,pontium
wfo-0001303203,subspecies,pradetensis,Armeria,arenaria
wfo-0001303123,subspecies,kotschyi,Acantholimon,kotschyi
wfo-0001304204,subspecies,behen,Statice,limonium
wfo-0001304059,subspecies,cosyrensis,Statice,cosyrensis
wfo-0001304203,subspecies,bahusiensis,Statice,limonium
wfo-0001303345,subspecies,sampaioi,Armeria,pseudarmeria
wfo-0001303380,subspecies,villosa,Armeria,villosa
wfo-0001303357,subspecies,pubescens,Armeria,pubescens
wfo-0001303980,subspecies,armeria,Statice,armeria
wfo-0001303593,subspecies,duriusculum,Limonium,duriusculum
wfo-0001303365,subspecies,rouyana,Armeria,rouyana
wfo-0001303787,subspecies,humile,Limonium,recurvum
wfo-0001303211,subspecies,bigerrensis,Armeria,bigerrensis
wfo-0001303238,subspecies,bourgaei,Armeria,duriaei
wfo-0001303184,subspecies,confusa,Armeria,alpina
wfo-0001303739,subspecies,lusitanicum,Limonium,ovalifolium
wfo-0001303214,subspecies,bourgaei,Armeria,bourgaei
wfo-0001303454,subspecies,nymphaeum,Limonium,acutifolium
wfo-0001303853,subspecies,rusicadense,Limonium,spathulatum
wfo-0001303270,subspecies,bourgaei,Armeria,maritima
wfo-0001303174,subspecies,alliacea,Armeria,alliacea
wfo-0001303272,subspecies,eifeliaca,Armeria,maritima
wfo-0001303790,subspecies,recurvum,Limonium,recurvum
wfo-0001303693,subspecies,oristanum,Limonium,merxmuelleri
wfo-0001303740,subspecies,ovalifolium,Limonium,ovalifolium
wfo-0001303451,subspecies,acutifolium,Limonium,acutifolium
wfo-0001303090,subspecies,caryophyllaceum,Acantholimon,caryophyllaceum
wfo-0001303198,subspecies,apennina,Armeria,arenaria
wfo-0001303188,subspecies,muelleri,Armeria,alpina
wfo-0001303762,subspecies,cambrense,Limonium,procerum
wfo-0001303191,subspecies,vasconica,Armeria,alpina
wfo-0001303456,subspecies,tenuifolium,Limonium,acutifolium
wfo-0001304227,subspecies,juncea,Statice,littoralis
wfo-0001303517,subspecies,macropterum,Limonium,brassicifolium
wfo-0001303157,subspecies,spirizianum,Acantholimon,spirizianum
wfo-0001304224,subspecies,littoralis,Statice,littoralis
wfo-0001303201,subspecies,marginata,Armeria,arenaria
wfo-0001303189,subspecies,pubinervis,Armeria,alpina
wfo-0001303508,subspecies,saxonicum,Limonium,binervosum
wfo-0001303650,subspecies,carthaginiense,Limonium,insigne
wfo-0001304306,subspecies,choulettiana,Statice,plantaginea
wfo-0001303257,subspecies,humilis,Armeria,humilis
wfo-0001303279,subspecies,majuscula,Armeria,maritima
wfo-0001303427,subspecies,graecum,Goniolimon,tataricum
wfo-0001303338,subspecies,ciliata,Armeria,pseudarmeria
wfo-0001304273,subspecies,panormitana,Statice,minutiflora
wfo-0001303578,subspecies,orientale,Limonium,delicatulum
wfo-0001303579,subspecies,tournefortii,Limonium,delicatulum
wfo-0001304236,subspecies,eumajellensis,Statice,majellensis
wfo-0001303245,subspecies,alfacarensis,Armeria,filicaulis
wfo-0001304121,subspecies,girardiana,Statice,girardiana
wfo-0001303306,subspecies,multiceps,Armeria,multiceps
wfo-0001303218,subspecies,dalmatica,Armeria,canescens
wfo-0001303497,subspecies,caspium,Limonium,bellidifolium
wfo-0001303544,subspecies,californicum,Limonium,commune
wfo-0001303507,subspecies,sarniense,Limonium,binervosum
wfo-0001304308,subspecies,medians,Statice,plantaginea
wfo-0001303982,subspecies,major,Statice,armeria
wfo-0001303737,subspecies,gallicum,Limonium,ovalifolium
wfo-0001303799,subspecies,caralitanum,Limonium,retirameum
wfo-0001303381,subspecies,alcaracensis,Armeria,villosa
wfo-0001304096,subspecies,echioides,Statice,echioides
wfo-0001303367,subspecies,ruscinonensis,Armeria,ruscinonensis
wfo-0001303249,subspecies,genesiana,Armeria,genesiana
wfo-0001303503,subspecies,dodartii,Limonium,binervosum
wfo-0001303763,subspecies,devoniense,Limonium,procerum
wfo-0001303457,subspecies,tharrosianum,Limonium,acutifolium
wfo-0001304081,subspecies,calcarae,Statice,dictyoclada
wfo-0001303835,subspecies,vaccarii,Limonium,sibthorpianum
wfo-0001303455,subspecies,obtusifolium,Limonium,acutifolium
wfo-0001303913,subspecies,pseudolimonium,Limonium,vulgare
wfo-0001303246,subspecies,nevadensis,Armeria,filicaulis
wfo-0001303386,subspecies,plantaginea,Armeria,vulgaris
wfo-0001304280,subspecies,ocymifolia,Statice,ocymifolia
wfo-0001303692,subspecies,merxmuelleri,Limonium,merxmuelleri
wfo-0001304065,subspecies,mauritii,Statice,cymulifera
wfo-0001303468,subspecies,ruizii,Limonium,aragonense
wfo-0001303574,subspecies,delicatulum,Limonium,delicatulum
wfo-0001304237,subspecies,majellensis,Statice,majellensis
wfo-0001303333,subspecies,alboi,Armeria,pseudarmeria
wfo-0001303580,subspecies,valentinum,Limonium,delicatulum
wfo-0001303784,subspecies,siculum,Limonium,ramosissimum
wfo-0001303261,subspecies,langei,Armeria,langei
wfo-0001303577,subspecies,latibracteatum,Limonium,delicatulum
wfo-0001303266,subspecies,majellensis,Armeria,majellensis
wfo-0001303731,subspecies,pseudodictyocladum,Limonium,oleifolium
wfo-0001304205,subspecies,rariflora,Statice,limonium
wfo-0001303898,subspecies,maroccanum,Limonium,tubiflorum
wfo-0001303474,subspecies,pseudarticulatum,Limonium,articulatum
wfo-0001303736,subspecies,canariense,Limonium,ovalifolium
wfo-0001303187,subspecies,microcephala,Armeria,alpina
wfo-0001303152,subspecies,senganense,Acantholimon,senganense
wfo-0001304082,subspecies,pygmaea,Statice,dictyoclada
wfo-0001303253,subspecies,spinulosa,Armeria,hirta
wfo-0001303321,subspecies,rigida,Armeria,plantaginea
wfo-0001303231,subspecies,cespitosa,Armeria,cespitosa
wfo-0001303334,subspecies,allioides,Armeria,pseudarmeria
wfo-0001303592,subspecies,cavanillesii,Limonium,duriusculum
wfo-0001303216,subspecies,canescens,Armeria,canescens
wfo-0001304120,subspecies,costae,Statice,girardiana
wfo-0001303234,subspecies,daveaui,Armeria,daveaui
wfo-0001303891,subspecies,alutaceum,Limonium,tomentellum
wfo-0001303153,subspecies,tehranense,Acantholimon,senganense
wfo-0001303281,subspecies,pubigera,Armeria,maritima
wfo-0001303275,subspecies,glabrescens,Armeria,maritima
wfo-0001303893,subspecies,hypanicum,Limonium,tomentellum
wfo-0001303088,subspecies,capitatum,Acantholimon,capitatum
wfo-0001303056,subspecies,brachystachyum,Acantholimon,acerosum
wfo-0001303705,subspecies,minutum,Limonium,minutum
wfo-0001303426,subspecies,croaticum,Goniolimon,tataricum
wfo-0001303912,subspecies,humile,Limonium,vulgare
wfo-0001303098,subspecies,lycaonicum,Acantholimon,echinus
wfo-0001303382,subspecies,enritrianoi,Armeria,villosa
wfo-0001303318,subspecies,montcaunica,Armeria,plantaginea
wfo-0001303219,subspecies,littorifuga,Armeria,canescens
wfo-0001303089,subspecies,sivasicum,Acantholimon,capitatum
wfo-0001303314,subspecies,alliacea,Armeria,plantaginea
wfo-0001303552,subspecies,raddianum,Limonium,confusum
wfo-0001303282,subspecies,smolikana,Armeria,maritima
wfo-0001303342,subspecies,monchiquensis,Armeria,pseudarmeria
wfo-0001303625,subspecies,graecum,Limonium,graecum
wfo-0001303162,subspecies,ulicinum,Acantholimon,ulicinum
wfo-0001303596,subspecies,eu-echioides,Limonium,echioides
wfo-0001303383,subspecies,longiristata,Armeria,villosa
wfo-0001303504,subspecies,lychnidifolium,Limonium,binervosum
wfo-0001304201,subspecies,angustifolia,Statice,limonium
wfo-0001303506,subspecies,occidentale,Limonium,binervosum
wfo-0001303280,subspecies,planifolia,Armeria,maritima
wfo-0001303348,subspecies,transmontana,Armeria,pseudarmeria
wfo-0001303901,subspecies,eugeniae,Limonium,tunetanum
wfo-0001303649,subspecies,carthaginensis,Limonium,insigne
wfo-0001303186,subspecies,godayana,Armeria,alpina
wfo-0001304092,subspecies,duriuscula,Statice,duriuscula
wfo-0001303425,subspecies,tataricum,Goniolimon,tataricum
wfo-0001303633,subspecies,sebkarum,Limonium,gummiferum
wfo-0001303614,subspecies,globulariifolium,Limonium,globulariifolium
wfo-0001303501,subspecies,binervosum,Limonium,binervosum
wfo-0001303728,subspecies,oleifolium,Limonium,oleifolium
wfo-0001303343,subspecies,pauana,Armeria,pseudarmeria
wfo-0001303788,subspecies,portlandicum,Limonium,recurvum
wfo-0001304091,subspecies,catalaunica,Statice,duriuscula
wfo-0001304164,subspecies,baetica,Statice,hirta
wfo-0001304307,subspecies,leucantha,Statice,plantaginea
wfo-0001303377,subspecies,transmontana,Armeria,transmontana
wfo-0001303137,subspecies,puberulum,Acantholimon,puberulum
wfo-0001303387,subspecies,rhenana,Armeria,vulgaris
wfo-0001304226,subspecies,filicaulis,Statice,littoralis
wfo-0001303195,subspecies,alpina,Armeria,alpina
wfo-0001303290,subvariety,protypica,Armeria,maritima
wfo-0001303288,subvariety,juniperifolia,Armeria,maritima
wfo-0001303368,subvariety,littorifuga,Armeria,ruscinonensis
wfo-0001303283,subvariety,carratracensis,Armeria,maritima
wfo-0001303374,subvariety,monchiquensis,Armeria,sobrinhoi
wfo-0001303843,subvariety,glabrescens,Limonium,sinuatum
wfo-0001303351,subvariety,tejedensis,Armeria,pseudarmeria
wfo-0001303206,subvariety,monchiquensis,Armeria,beirana
wfo-0001303285,subvariety,elegans,Armeria,maritima
wfo-0001303176,subvariety,sicorisiensis,Armeria,alliacea
wfo-0001303207,subvariety,sublittorea,Armeria,beirana
wfo-0001303291,subvariety,salvadorii,Armeria,maritima
wfo-0001303284,subvariety,confusa,Armeria,maritima
wfo-0001303221,subvariety,asturica,Armeria,cantabrica
wfo-0001303842,subvariety,annuum,Limonium,sinuatum
wfo-0001303289,subvariety,marginata,Armeria,maritima
wfo-0001303192,subvariety,confusa,Armeria,alpina
wfo-0001303287,subvariety,javalambrica,Armeria,maritima
wfo-0001303350,subvariety,carratracensis,Armeria,pseudarmeria
wfo-0001303286,subvariety,gracilifolia,Armeria,maritima
wfo-0001303167,tribe,Aegialitideae,,
wfo-0001303402,tribe,Armerieae,,
wfo-0001303933,tribe,Plumbagineae,,
wfo-0001303932,tribe,Plumbagineae,,
wfo-0001303443,tribe,Limonieae,,
wfo-0001304450,tribe,Staticeae,,
wfo-0001304083,variety,dubia,Statice,dictyoclada
wfo-0001304146,variety,limonioides,Statice,gmelinii
wfo-0001304252,variety,soloitana,Statice,mauritanica
wfo-0001303055,variety,acerosum,Acantholimon,acerosum
wfo-0001304334,variety,grandiflora,Statice,pseudoarmeria
wfo-0001303138,variety,puberulum,Acantholimon,puberulum
wfo-0001303970,variety,yebalica,Statice,allioides
wfo-0001304029,variety,patagonica,Statice,brasiliensis
wfo-0001303099,variety,festucaceum,Acantholimon,festucaceum
wfo-0001304017,variety,divaricata,Statice,bellidifolia
wfo-0001303412,variety,callicomum,Goniolimon,callicomum
wfo-0001303223,variety,thessala,Armeria,cariensis
wfo-0001303952,variety,pumila,Plumbago,tomentosa
wfo-0001304212,variety,longidentata,Statice,limonium
wfo-0001303766,variety,medium,Limonium,procerum
wfo-0001304023,variety,occidentalis,Statice,binervosa
wfo-0001303294,variety,canescens,Armeria,maritima
wfo-0001304144,variety,laxiflora,Statice,gmelinii
wfo-0001304293,variety,nana,Statice,ovalifolia
wfo-0001303879,variety,coccineum,Limonium,tataricum
wfo-0001303490,variety,annuum,Limonium,beaumierianum
wfo-0001304397,variety,spathulata,Statice,spathulata
wfo-0001304251,variety,safiensis,Statice,mauritanica
wfo-0001304336,variety,splendens,Statice,pseudoarmeria
wfo-0001303846,variety,candidissimum,Limonium,sinuatum
wfo-0001304424,variety,alba,Statice,suworowii
wfo-0001304076,variety,humilis,Statice,densiflora
wfo-0001304025,variety,augustata,Statice,brasiliense
wfo-0001303848,variety,tripeaui,Limonium,sinuatum
wfo-0001304426,variety,nana,Statice,tatarica
wfo-0001303122,variety,kopetdaghense,Acantholimon,khorassanicum
wfo-0001304407,variety,glabra,Statice,spicata
wfo-0001303567,variety,sebkarum,Limonium,cymuliferum
wfo-0001303483,variety,maduoensis,Limonium,aureum
wfo-0001303750,variety,divaricatum,Limonium,pectinatum
wfo-0001303420,variety,alpinum,Goniolimon,speciosum
wfo-0001303177,variety,bupleuroides,Armeria,alliacea
wfo-0001304104,variety,superba,Statice,exima
wfo-0001303484,variety,dodarti,Limonium,auriculifolium
wfo-0001303228,variety,rubra,Armeria,cephalotes
wfo-0001303078,variety,brachyphyllum,Acantholimon,brachystachyum
wfo-0001303430,variety,besserianum,Goniolimon,tataricum
wfo-0001304275,variety,alba,Statice,montana
wfo-0001303267,variety,subalpina,Armeria,majellensis
wfo-0001303108,variety,typicum,Acantholimon,glumaceum
wfo-0001304028,variety,angustata,Statice,brasiliensis
wfo-0001304316,variety,grandiflora,Statice,plantaginea
wfo-0001304095,variety,laevis,Statice,ebracteata
wfo-0001304233,variety,sinuata,Statice,macrophylla
wfo-0001304300,variety,incompta,Statice,pectinata
wfo-0001304214,variety,minor,Statice,limonium
wfo-0001304386,variety,integrifolia,Statice,sinuata
wfo-0001304303,variety,capillifolia,Statice,pinifolia
wfo-0001303562,variety,glabrescens,Limonium,cumanum
wfo-0001304346,variety,genuina,Statice,purpurata
wfo-0001303721,variety,trichogonum,Limonium,nashii
wfo-0001304260,variety,acutifolia,Statice,minuta
wfo-0001303390,variety,denticulata,Armeria,vulgaris
wfo-0001304141,variety,steiroclada,Statice,gmelini
wfo-0001304177,variety,coccinea,Statice,incana
wfo-0001303145,variety,pubescens,Acantholimon,roseum
wfo-0001303069,variety,creticum,Acantholimon,androsaceum
wfo-0001304126,variety,major,Statice,globulariaefolia
wfo-0001303116,variety,huetii,Acantholimon,huetii
wfo-0001304445,variety,majuscula,Statice,vulgaris
wfo-0001303413,variety,gorczakovskyi,Goniolimon,callicomum
wfo-0001304311,variety,barbata,Statice,plantaginea
wfo-0001303432,variety,graminifolium,Goniolimon,tataricum
wfo-0001303226,variety,alba,Armeria,cephalotes
wfo-0001303498,variety,bellidifolium,Limonium,bellidifolium
wfo-0001304434,variety,delilei,Statice,tremolsii
wfo-0001303292,variety,albi,Armeria,maritima
wfo-0001303397,variety,plantaginea,Armeria,vulgaris
wfo-0001303106,variety,breviscapum,Acantholimon,glumaceum
wfo-0001304315,variety,gigantea,Statice,plantaginea
wfo-0001304423,variety,flora-alba,Statice,superba
wfo-0001304441,variety,tenia,Statice,virgata
wfo-0001304269,variety,sommieriana,Statice,minuta
wfo-0001304130,variety,major,Statice,globulariifolia
wfo-0001304356,variety,hirtula,Statice,salsuginosa
wfo-0001303522,variety,coombense,Limonium,britannicum
wfo-0001304404,variety,typica,Statice,speciosa
wfo-0001303636,variety,typicum,Limonium,gummiferum
wfo-0001303239,variety,seticaulis,Armeria,duriaei
wfo-0001303066,variety,subsessile,Acantholimon,alatavicum
wfo-0001304195,variety,scapis-filiformibus,Statice,leptostachya
wfo-0001303355,variety,sampaioi,Armeria,pseudarmeria
wfo-0001303752,variety,pectinatum,Limonium,pectinatum
wfo-0001304250,variety,pubigera,Statice,maritima
wfo-0001304301,variety,solandri,Statice,pectinata
wfo-0001304323,variety,splendens,Statice,plantaginea
wfo-0001304295,variety,paniculata,Statice,ovalifolia
wfo-0001303751,variety,incomptum,Limonium,pectinatum
wfo-0001304127,variety,minor,Statice,globulariaefolia
wfo-0001303969,variety,matritensis,Statice,alliacea
wfo-0001304018,variety,prostrata,Statice,bellidifolia
wfo-0001303325,variety,grandiflora,Armeria,plantaginea
wfo-0001303654,variety,rossmaessleri,Limonium,insigne
wfo-0001303558,variety,maior,Limonium,cosyrense
wfo-0001304084,variety,pygmaea,Statice,dictyoclada
wfo-0001303744,variety,papillatum,Limonium,papillatum
wfo-0001304179,variety,hybrida-nana,Statice,incana
wfo-0001304309,variety,alba,Statice,plantaginea
wfo-0001304217,variety,scanica,Statice,limonium
wfo-0001304145,variety,lilacina,Statice,gmelinii
wfo-0001303854,variety,emarginatum,Limonium,spathulatum
wfo-0001303581,variety,leptostachys,Limonium,delicatulum
wfo-0001303620,variety,multiceps,Limonium,gougetianum
wfo-0001303545,variety,minus,Limonium,commune
wfo-0001303992,variety,minor,Statice,armeria
wfo-0001304142,variety,typica,Statice,gmelini
wfo-0001303458,variety,obtusifolium,Limonium,acutifolium
wfo-0001304339,variety,genuina,Statice,psiloclada
wfo-0001303146,variety,pungens,Acantholimon,roseum
wfo-0001304387,variety,subglabra,Statice,sinuata
wfo-0001303653,variety,paui,Limonium,insigne
wfo-0001304427,variety,trigonoides,Statice,tatarica
wfo-0001304162,variety,cymulifera,Statice,gummifera
wfo-0001304302,variety,reniformis,Statice,perfoliata
wfo-0001303725,variety,procerum,Limonium,occidentale
wfo-0001304228,variety,davaei,Statice,littoralis
wfo-0001303256,variety,hirta,Armeria,hirta
wfo-0001304000,variety,strictissima,Statice,articulata
wfo-0001304296,variety,pyramidata,Statice,ovalifolia
wfo-0001304087,variety,humile,Statice,dodartii
wfo-0001304229,variety,cuspidata,Statice,longearistata
wfo-0001304129,variety,glauca,Statice,globulariifolia
wfo-0001303193,variety,alba,Armeria,alpina
wfo-0001303847,variety,subglabrum,Limonium,sinuatum
wfo-0001303085,variety,platyphyllum,Acantholimon,bromifolium
wfo-0001303396,variety,palatina,Armeria,vulgaris
wfo-0001303421,variety,crispum,Goniolimon,speciosum
wfo-0001303406,variety,feei,Ceratolimon,feei
wfo-0001303359,variety,hirta,Armeria,pubigera
wfo-0001304400,variety,genuina,Statice,speciosa
wfo-0001303989,variety,hortensis,Statice,armeria
wfo-0001303081,variety,bromifolium,Acantholimon,bromifolium
wfo-0001304428,variety,typica,Statice,tatarica
wfo-0001303045,variety,plantaginea,Armeria,alliacea
wfo-0001304011,variety,tripeaui,Statice,beaumieriana
wfo-0001304310,variety,atlantica,Statice,plantaginea
wfo-0001304040,variety,pumila,Statice,caroliniana
wfo-0001303849,variety,typicum,Limonium,sinuatum
wfo-0001304191,variety,alba,Statice,latifolia
wfo-0001304432,variety,pygmaea,Statice,tineoi
wfo-0001304221,variety,brachyphylla,Statice,linifolia
wfo-0001303931,variety,micrantha,Plumbagella,micrantha
wfo-0001303594,variety,robustior,Limonium,duriusculum
wfo-0001303395,variety,nana,Armeria,vulgaris
wfo-0001303627,variety,stenotatum,Limonium,graecum
wfo-0001303080,variety,intermedium,Acantholimon,bracteatum
wfo-0001304425,variety,angustifolium,Statice,tatarica
wfo-0001304264,variety,inarimensis,Statice,minuta
wfo-0001303767,variety,paramedium,Limonium,procerum
wfo-0001303229,variety,splendens,Armeria,cephalotes
wfo-0001303144,variety,erinaceum,Acantholimon,roseum
wfo-0001303743,variety,callibotryum,Limonium,papillatum
wfo-0001304347,variety,longifolia,Statice,purpurata
wfo-0001303949,variety,densiflora,Plumbago,scandens
wfo-0001304218,variety,typica,Statice,limonium
wfo-0001303115,variety,virens,Acantholimon,hohenackeri
wfo-0001304314,variety,djurdjurae,Statice,plantaginea
wfo-0001303947,variety,coccinea,Plumbago,rosea
wfo-0001303100,variety,laxiflora,Acantholimon,festucaceum
wfo-0001303434,variety,laxiflorum,Goniolimon,tataricum
wfo-0001304210,variety,behen,Statice,limonium
wfo-0001303300,variety,majellensis,Armeria,maritima
wfo-0001303328,variety,splendens,Armeria,plantaginea
wfo-0001303194,variety,seticeps,Armeria,alpina
wfo-0001303068,variety,androsaceum,Acantholimon,androsaceum
wfo-0001304030,variety,macroptera,Statice,brassicifolia
wfo-0001303616,variety,meyeri,Limonium,gmelini
wfo-0001304444,variety,langeana,Statice,vulgaris
wfo-0001303323,variety,alba,Armeria,plantaginea
wfo-0001303599,variety,eriocalyx,Limonium,erythrorrhizum
wfo-0001303164,variety,creticum,Acantholimon,ulicinum
wfo-0001303486,variety,australe,Limonium,australe
wfo-0001304321,variety,rosea,Statice,plantaginea
wfo-0001303065,variety,puberulum,Acantholimon,alatavicum
wfo-0001303255,variety,tingitana,Armeria,hirta
wfo-0001304421,variety,leptophylla,Statice,suffruticosa
wfo-0001303745,variety,mutabile,Limonium,paradoxum
wfo-0001304209,variety,alba,Statice,limonium
wfo-0001303482,variety,aureum,Limonium,aureum
wfo-0001303727,variety,bellidifolium,Limonium,ocymifolium
wfo-0001303248,variety,bourgaei,Armeria,filicaulis
wfo-0001303794,variety,portlandicum,Limonium,recurvum
wfo-0001304294,variety,normalis,Statice,ovalifolia
wfo-0001303995,variety,rubra,Statice,armeria
wfo-0001303710,variety,pseudebusitanum,Limonium,minutum
wfo-0001304345,variety,bourgaei,Statice,puberula
wfo-0001304342,variety,intermedia,Statice,psiloclada
wfo-0001304440,variety,minuta,Statice,virgata
wfo-0001303493,variety,leucocalyx,Limonium,beaumierianum
wfo-0001303079,variety,bracteatum,Acantholimon,bracteatum
wfo-0001303988,variety,grandiflora,Statice,armeria
wfo-0001304178,variety,hybrida,Statice,incana
wfo-0001303302,variety,scotica,Armeria,maritima
wfo-0001304337,variety,albida,Statice,psiloclada
wfo-0001304447,variety,berlengensis,Statice,welwitschii
wfo-0001303422,variety,genuinum,Goniolimon,speciosum
wfo-0001303120,variety,straussii,Acantholimon,incomptum
wfo-0001303869,variety,flore-albo,Limonium,superbum
wfo-0001303993,variety,mixta,Statice,armeria
wfo-0001303600,variety,album,Limonium,eximum
wfo-0001304448,variety,cinerea,Statice,welwitschii
wfo-0001303379,variety,capitella,Armeria,undulata
wfo-0001303713,variety,coloratum,Limonium,mouretii
wfo-0001303499,variety,prostratum,Limonium,bellidifolium
wfo-0001303394,variety,maritima,Armeria,vulgaris
wfo-0001303510,variety,humilis,Limonium,binervosum
wfo-0001304039,variety,longifolia,Statice,caroliniana
wfo-0001304049,variety,intermedia,Statice,confusa
wfo-0001304385,variety,candidissima,Statice,sinuata
wfo-0001304103,variety,flore-alba,Statice,exima
wfo-0001303547,variety,serotinum,Limonium,commune
wfo-0001304406,variety,foliis-subintegris,Statice,spicata
wfo-0001303791,variety,donegalense,Limonium,recurvum
wfo-0001304261,variety,calcarae,Statice,minuta
wfo-0001304289,variety,baleariea,Statice,ovalifolia
wfo-0001303438,variety,latifolia,Ikonnikovia,kaufmanniana
wfo-0001304335,variety,rubra,Statice,pseudoarmeria
wfo-0001303765,variety,hibernicum,Limonium,procerum
wfo-0001303299,variety,macropoda,Armeria,maritima
wfo-0001303429,variety,angustifolium,Goniolimon,tataricum
wfo-0001303991,variety,maritima,Statice,armeria
wfo-0001303709,variety,microphyllum,Limonium,minutum
wfo-0001303951,variety,normalis,Plumbago,scandens
wfo-0001303957,variety,rosea,Plumbago,zeylanica
wfo-0001304453,variety,socotrana,Vogelia,indica
wfo-0001304031,variety,typica,Statice,brassicifolia
wfo-0001303084,variety,lolioides,Acantholimon,bromifolium
wfo-0001303142,variety,quinquelobum,Acantholimon,quinquelobum
wfo-0001303568,variety,uniflorum,Limonium,cymuliferum
wfo-0001303392,variety,elongata,Armeria,vulgaris
wfo-0001303986,variety,caudiculata,Statice,armeria
wfo-0001303227,variety,grandiflora,Armeria,cephalotes
wfo-0001303159,variety,taschkurganicum,Acantholimon,taschkurganicum
wfo-0001304055,variety,genuina,Statice,cordata
wfo-0001303232,variety,genuina,Armeria,chilensis
wfo-0001304396,variety,emarginata,Statice,spathulata
wfo-0001303326,variety,rosea,Armeria,plantaginea
wfo-0001303836,variety,spinulosum,Limonium,sinense
wfo-0001304247,variety,elongata,Statice,maritima
wfo-0001304140,variety,laxiflora,Statice,gmelini
wfo-0001303512,variety,sercquense,Limonium,binervosum
wfo-0001303798,variety,redivivum,Limonium,redivivum
wfo-0001303160,variety,escaposum,Acantholimon,taschkurganicum
wfo-0001304105,variety,alba,Statice,eximum
wfo-0001304430,variety,gracilis,Statice,tineoi
wfo-0001303109,variety,halophilum,Acantholimon,halophilum
wfo-0001303793,variety,kerryense,Limonium,recurvum
wfo-0001303566,variety,corymbulosum,Limonium,cymuliferum
wfo-0001304169,variety,odorata,Statice,humilis
wfo-0001304110,variety,marizii,Statice,filicaulis
wfo-0001303354,variety,provillosa,Armeria,pseudarmeria
wfo-0001303352,variety,alboi,Armeria,pseudarmeria
wfo-0001303495,variety,violascens,Limonium,beaumierianum
wfo-0001303389,variety,alpina,Armeria,vulgaris
wfo-0001303811,variety,meyeri,Limonium,scoparium
wfo-0001303878,variety,angustifolium,Limonium,tataricum
wfo-0001304010,variety,akkensis,Statice,beaumieriana
wfo-0001303208,variety,subrinhoi,Armeria,beirana
wfo-0001304056,variety,maior,Statice,cordata
wfo-0001303524,variety,kelseyanum,Limonium,britannicum
wfo-0001303563,variety,cymuliferum,Limonium,cymuliferum
wfo-0001303749,variety,corculum,Limonium,pectinatum
wfo-0001303680,variety,laxiflorum,Limonium,lilacinum
wfo-0001304106,variety,pungens,Statice,fasciculata
wfo-0001304232,variety,atrocoerulea,Statice,macrophylla
wfo-0001303362,variety,velutina,Armeria,pungens
wfo-0001304020,variety,dodarti,Statice,binervosa
wfo-0001304035,variety,glabra,Statice,cancellata
wfo-0001304222,variety,robusta,Statice,linifolia
wfo-0001303998,variety,variegata,Statice,armeria
wfo-0001304155,variety,palmaris,Statice,graeca
wfo-0001303900,variety,zanonii,Limonium,tubiflorum
wfo-0001303561,variety,cumanum,Limonium,cumanum
wfo-0001304403,variety,multicaulis,Statice,speciosa
wfo-0001304324,variety,subcuspidata,Statice,plantaginea
wfo-0001304072,variety,subrotundifolia,Statice,delicatula
wfo-0001304032,variety,major,Statice,caesia
wfo-0001303676,variety,album,Limonium,latifolium
wfo-0001303327,variety,rubra,Armeria,plantaginea
wfo-0001304021,variety,dodarti,Statice,binervosa
wfo-0001304262,variety,cancellata,Statice,minuta
wfo-0001304138,variety,genuina,Statice,gmelini
wfo-0001304443,variety,elongata,Statice,vulgaris
wfo-0001303985,variety,arenaria,Statice,armeria
wfo-0001304291,variety,major,Statice,ovalifolia
wfo-0001303494,variety,tripeaui,Limonium,beaumierianum
wfo-0001303950,variety,erecta,Plumbago,scandens
wfo-0001304333,variety,alba,Statice,pseudoarmeria
wfo-0001304042,variety,kimmerica,Statice,caspia
wfo-0001303582,variety,typicum,Limonium,delicatulum
wfo-0001303871,variety,diegoi,Limonium,supinum
wfo-0001303795,variety,pseudoparadoxum,Limonium,recurvum
wfo-0001303086,variety,calvertii,Acantholimon,calvertii
wfo-0001304422,variety,typica,Statice,suffruticosa
wfo-0001303874,variety,album,Limonium,suworowii
wfo-0001304044,variety,urumiensis,Statice,caspia
wfo-0001304312,variety,brachylepis,Statice,plantaginea
wfo-0001303360,variety,pungens,Armeria,pungens
wfo-0001303103,variety,genistoides,Acantholimon,genistoides
wfo-0001304216,variety,puberula,Statice,limonium
wfo-0001304139,variety,grandis,Statice,gmelini
wfo-0001303296,variety,depilata,Armeria,maritima
wfo-0001303635,variety,muticum,Limonium,gummiferum
wfo-0001303714,variety,pubicalyx,Limonium,mouretii
wfo-0001303487,variety,baudinii,Limonium,australe
wfo-0001304438,variety,gracillima,Statice,virgata
wfo-0001304234,variety,thomsoni,Statice,macrorrhabdos
wfo-0001303768,variety,wessexense,Limonium,procerum
wfo-0001303087,variety,glabrum,Acantholimon,calvertii
wfo-0001303844,variety,akkense,Limonium,sinuatum
wfo-0001303521,variety,celticum,Limonium,britannicum
wfo-0001304325,variety,zaianica,Statice,plantaginea
wfo-0001303990,variety,laucheana,Statice,armeria
wfo-0001304093,variety,catalaunica,Statice,duriuscula
wfo-0001304299,variety,divaricata,Statice,pectinata
wfo-0001303424,variety,typicum,Goniolimon,speciosum
wfo-0001303254,variety,perplexans,Armeria,hirta
wfo-0001304041,variety,ramosissima,Statice,caroliniana
wfo-0001304317,variety,leucantha,Statice,plantaginea
wfo-0001303511,variety,sarniense,Limonium,binervosum
wfo-0001304249,variety,majuscula,Statice,maritima
wfo-0001304248,variety,longeana,Statice,maritima
wfo-0001303324,variety,gigantea,Armeria,plantaginea
wfo-0001304285,variety,densiflora,Statice,oleifolia
wfo-0001303536,variety,nashii,Limonium,carolinianum
wfo-0001304281,variety,bellidifolia,Statice,ocymifolia
wfo-0001303708,variety,medense,Limonium,minutum
wfo-0001303431,variety,desertorum,Goniolimon,tataricum
wfo-0001304319,variety,microcephala,Statice,plantaginea
wfo-0001303124,variety,cataonicum,Acantholimon,kotschyi
wfo-0001303423,variety,lanceolatum,Goniolimon,speciosum
wfo-0001303686,variety,corymbosum,Limonium,lychnidifolium
wfo-0001304117,variety,chamaeropicola,Statice,gaditana
wfo-0001304154,variety,hyssopifolia,Statice,graeca
wfo-0001303773,variety,hirtiflorum,Limonium,pruinosum
wfo-0001303398,variety,purpurea,Armeria,vulgaris
wfo-0001304267,variety,remotispicula,Statice,minuta
wfo-0001303707,variety,dissitiflorum,Limonium,minutum
wfo-0001303491,variety,dubium,Limonium,beaumierianum
wfo-0001303358,variety,glabrescens,Armeria,pubigera
wfo-0001303102,variety,khossrovii,Acantholimon,genistioides
wfo-0001303968,variety,apollinaris,Statice,alliacea
wfo-0001303954,variety,dawei,Plumbago,zeylanica
wfo-0001304193,variety,iranica,Statice,leptophylla
wfo-0001303061,variety,brachystachyum,Acantholimon,acerosum
wfo-0001304322,variety,rubra,Statice,plantaginea
wfo-0001303165,variety,venustum,Acantholimon,venustum
wfo-0001304384,variety,typica,Statice,sewerzowii
wfo-0001303433,variety,kluchoricum,Goniolimon,tataricum
wfo-0001303298,variety,linkii,Armeria,maritima
wfo-0001303987,variety,elongata,Statice,armeria
wfo-0001303178,variety,pubescens,Armeria,alliacea
wfo-0001303150,variety,leucacanthum,Acantholimon,scorpius
wfo-0001303792,variety,humile,Limonium,recurvum
wfo-0001303845,variety,annuum,Limonium,sinuatum
wfo-0001304131,variety,minor,Statice,globulariifolia
wfo-0001303796,variety,recurviforme,Limonium,recurvum
wfo-0001303997,variety,tenuifolia,Statice,armeria
wfo-0001303753,variety,solandri,Limonium,pectinatum
wfo-0001303955,variety,glaucescens,Plumbago,zeylanica
wfo-0001304181,variety,rossmaessleri,Statice,insigne
wfo-0001304148,variety,tomentella,Statice,gmelinii
wfo-0001304071,variety,minor,Statice,delicatula
wfo-0001303163,variety,ulicinum,Acantholimon,ulicinum
wfo-0001303965,variety,obtusifolia,Statice,acutifolia
wfo-0001303110,variety,coloratum,Acantholimon,halophilum
wfo-0001304265,variety,microphylla,Statice,minuta
wfo-0001304038,variety,cespitosa,Statice,caroliniana
wfo-0001303070,variety,latifolium,Acantholimon,androsaceum
wfo-0001304037,variety,albiflora,Statice,caroliniana
wfo-0001304118,variety,tingitana,Statice,gaditana
wfo-0001303093,variety,damassanum,Acantholimon,damassanum
wfo-0001303780,variety,longifolium,Limonium,purpuratum
wfo-0001304277,variety,duriaei,Statice,nebrodensis
wfo-0001303492,variety,glabrescens,Limonium,beaumierianum
wfo-0001303602,variety,trachycladum,Limonium,fallax
wfo-0001304061,variety,glabrescens,Statice,cumana
wfo-0001303872,variety,supinum,Limonium,supinum
wfo-0001303117,variety,breviscapum,Acantholimon,huetii
wfo-0001304094,variety,valentina,Statice,duriuscula
wfo-0001303915,variety,macroclada,Limonium,vulgare
wfo-0001304111,variety,maroccana,Statice,filicaulis
wfo-0001304004,variety,attenuata,Statice,axillaris
wfo-0001303107,variety,sahendicum,Acantholimon,glumaceum
wfo-0001303525,variety,pharense,Limonium,britannicum
wfo-0001304320,variety,minor,Statice,plantaginea
wfo-0001303082,variety,approximatum,Acantholimon,bromifolium
wfo-0001304420,variety,carnosa,Statice,suffruticosa
wfo-0001303072,variety,puberulum,Acantholimon,armenum
wfo-0001303652,variety,insigne,Limonium,insigne
wfo-0001303984,variety,alba,Statice,armeria
wfo-0001303353,variety,pauana,Armeria,pseudarmeria
wfo-0001304263,variety,cumana,Statice,minuta
wfo-0001304077,variety,lusitanica,Statice,densiflora
wfo-0001304005,variety,ellenbeckii,Statice,axillaris
wfo-0001303489,variety,akkense,Limonium,beaumierianum
wfo-0001303732,variety,majus,Limonium,oleifolium
wfo-0001304073,variety,tournefortii,Statice,delicatula
wfo-0001303894,variety,sareptanum,Limonium,tomentellum
wfo-0001304078,variety,obtusifolia,Statice,densiflora
wfo-0001304286,variety,fradiniana,Statice,oleifolia
wfo-0001303148,variety,scabrellum,Acantholimon,scabrellum
wfo-0001303149,variety,kandilum,Acantholimon,scabrellum
wfo-0001304062,variety,tenuicula,Statice,cumana
wfo-0001303437,variety,rubellum,Goniolimon,tataricum
wfo-0001304043,variety,patens,Statice,caspia
wfo-0001303601,variety,superbum,Limonium,eximum
wfo-0001303435,variety,platypterum,Goniolimon,tataricum
wfo-0001303083,variety,ilamicum,Acantholimon,bromifolium
wfo-0001304298,variety,corculum,Statice,pectinata
wfo-0001303125,variety,libanoticum,Acantholimon,kotschyi
wfo-0001303930,variety,himalaica,Plumbagella,micrantha
wfo-0001304401,variety,lanceolata,Statice,speciosa
wfo-0001303391,variety,elongata,Armeria,vulgaris
wfo-0001303222,variety,cariensis,Armeria,cariensis
wfo-0001303067,variety,typicum,Acantholimon,alatavicum
wfo-0001304449,variety,platyphylla,Statice,welwitschii
wfo-0001303356,variety,sobrinhoi,Armeria,pseudarmeria
wfo-0001303837,variety,sinuatum,Limonium,sinuatum
wfo-0001304290,variety,lanceolata,Statice,ovalifolia
wfo-0001303301,variety,scotica,Armeria,maritima
wfo-0001303764,variety,cornubiense,Limonium,procerum
wfo-0001303393,variety,marginata,Armeria,vulgaris
wfo-0001303772,variety,glabrum,Limonium,pruinosum
wfo-0001303797,variety,pilosum,Limonium,redivivum
wfo-0001303538,variety,patens,Limonium,caspium
wfo-0001303546,variety,obtusum,Limonium,commune
wfo-0001303996,variety,splendens,Statice,armeria
wfo-0001304318,variety,masguindalii,Statice,plantaginea
wfo-0001303488,variety,haitiense,Limonium,bahamense
wfo-0001304329,variety,hirtiflora,Statice,pruinosa
wfo-0001304383,variety,alatavica,Statice,sewerzowii
wfo-0001303509,variety,aurigniense,Limonium,binervosum
wfo-0001304157,variety,desertorum,Statice,graminifolia
wfo-0001304215,variety,pseudolimonium,Statice,limonium
wfo-0001304313,variety,cuspidata,Statice,plantaginea
wfo-0001303260,variety,glabra,Armeria,langeana
wfo-0001303880,variety,nanum,Limonium,tataricum
wfo-0001304369,variety,mauritii,Statice,sebkarum
wfo-0001303626,variety,palmare,Limonium,graecum
wfo-0001303399,variety,rubra,Armeria,vulgaris
wfo-0001304211,variety,genuina,Statice,limonium
wfo-0001303523,variety,grandicaule,Limonium,britannicum
wfo-0001304349,variety,pilosa,Statice,rediviva
wfo-0001303293,variety,alpina,Armeria,maritima
wfo-0001304266,variety,pubescens,Statice,minuta
wfo-0001303956,variety,oxypetala,Plumbago,zeylanica
wfo-0001304161,variety,corymbulosa,Statice,gummifera
wfo-0001303976,variety,typica,Statice,arborea
wfo-0001303914,variety,album,Limonium,vulgare
wfo-0001304220,variety,aretiifolia,Statice,linifolia
wfo-0001303303,variety,variegata,Armeria,maritima
wfo-0001303436,variety,puberulum,Goniolimon,tataricum
wfo-0001303295,variety,denticulata,Armeria,maritima
wfo-0001303062,variety,parvifolium,Acantholimon,acerosum
wfo-0001304100,variety,segobricensis,Statice,echioides
wfo-0001303634,variety,corymbulosum,Limonium,gummiferum
wfo-0001304213,variety,macroclada,Statice,limonium
wfo-0001304435,variety,zaianica,Statice,villosa
wfo-0001303259,variety,genuina,Armeria,langeana
wfo-0001304439,variety,macroclada,Statice,virgata
wfo-0001304085,variety,reticulata,Statice,dictyoclada
wfo-0001303071,variety,armenum,Acantholimon,armenum
wfo-0001304446,variety,pubigera,Statice,vulgaris
wfo-0001304431,variety,parvifolia,Statice,tineoi
wfo-0001303886,variety,microphyllum,Limonium,teretiscaposum
wfo-0001304292,variety,minor,Statice,ovalifolia
wfo-0001303994,variety,purpurea,Statice,armeria
wfo-0001304006,variety,glomerata,Statice,axillaris
wfo-0001303073,variety,typicum,Acantholimon,armenum
wfo-0001303114,variety,escaposum,Acantholimon,hellwigii
wfo-0001303297,variety,genuina,Armeria,maritima
wfo-0001303681,variety,lilacinum,Limonium,lilacinum
wfo-0001304239,prole,gaditana,Statice,major
wfo-0001304305,prole,rigida,Statice,plantaginea
wfo-0001304183,prole,eriophylla,Statice,juncea